Link Name,Center of Mass X,Center of Mass Y,Center of Mass Z,Center of Mass Roll,Center of Mass Pitch,Center of Mass Yaw,Mass,Moment Ixx,Moment Ixy,Moment Ixz,Moment Iyy,Moment Iyz,Moment Izz,Visual X,Visual Y,Visual Z,Visual Roll,Visual Pitch,Visual Yaw,Mesh Filename,Color Red,Color Green,Color Blue,Color Alpha,Collision X,Collision Y,Collision Z,Collision Roll,Collision Pitch,Collision Yaw,Collision Mesh Filename,Material Name,SW Components,Coordinate System,Axis Name,Joint Name,Joint Type,Joint Origin X,Joint Origin Y,Joint Origin Z,Joint Origin Roll,Joint Origin Pitch,Joint Origin Yaw,Parent,Joint Axis X,Joint Axis Y,Joint Axis Z,Limit Effort,Limit Velocity,Limit Lower,Limit Upper,Calibration rising,Calibration falling,Dynamics Damping,Dynamics Friction,Safety Soft Upper,Safety Soft Lower,Safety K Position,Safety K Velocity
wrist_link,-0.0020108,0.0053871,0.035776,0,0,0,0.045574,4.2078E-05,1.0967E-06,-4.3696E-08,2.601E-05,3.5448E-06,1.6455E-05,0,0,0,0,0,0,package://data_glove_urdf_R/meshes/wrist_link.STL,1,1,1,1,0,0,0,0,0,0,package://data_glove_urdf_R/meshes/wrist_link.STL,,手背底板V0.2-1;食指外骨骼-1/F68811-1;F68811-2;F68811-3;F68811-4,坐标系1,,,,0,0,0,0,0,0,,0,0,0,,,,,,,,,,,,
thumb_cmc_flex_link,0.019427,0.012082,0.0018389,0,0,0,0.019987,1.7875E-06,2.5694E-07,-1.2598E-06,5.1666E-06,1.4999E-07,3.8747E-06,0,0,0,0,0,0,package://data_glove_urdf_R/meshes/thumb_cmc_flex_link.STL,1,1,1,1,0,0,0,0,0,0,package://data_glove_urdf_R/meshes/thumb_cmc_flex_link.STL,,大拇指指根旋转关节-1;大拇指外骨骼-1/大拇指根部转接2.0-1;大拇指外骨骼-1/F68811-1,坐标系7,基准轴6,thumb_cmc_flex_joint,continuous,-0.00800000000000013,0.0321923881554251,-0.00500000000000006,0,0,0,wrist_link,-1,0,0,,,,,,,,,,,,
thumb_cmc_abd_link,-0.00229626864254114,0.0025019741546171,-0.000436777539487287,0,0,0,0.00119117342000522,1.42401930141673E-08,4.20777982960054E-09,-3.32014267151954E-10,2.12316928109292E-08,-1.13037574404821E-09,2.15007903896514E-08,0,0,0,0,0,0,package://data_glove_urdf_R/meshes/thumb_cmc_abd_link.STL,1,1,1,1,0,0,0,0,0,0,package://data_glove_urdf_R/meshes/thumb_cmc_abd_link.STL,,大拇指外骨骼-1/指根旋转关节-1,坐标系2,基准轴1,thumb_cmc_abd_joint,continuous,0.0420106042997699,0.0157498161804066,0.0242675357151679,0,0,0,thumb_cmc_flex_link,0,0.93969262078591,-0.342020143325665,,,,,,,,,,,,
thumb_mcp_link,0.00248668828538748,0.0161489445897399,0.0131327311111442,0,0,0,0.00374067384037843,4.93107216011441E-07,1.41032959420786E-08,-2.08858195114374E-08,6.48055630880886E-07,-4.4873283054032E-08,2.72402768253552E-07,0,0,0,0,0,0,package://data_glove_urdf_R/meshes/thumb_mcp_link.STL,1,1,1,1,0,0,0,0,0,0,package://data_glove_urdf_R/meshes/thumb_mcp_link.STL,,大拇指外骨骼-1/外骨骼第一指关节3.0-1,坐标系12,基准轴11,thumb_mcp_joint,continuous,0.00325932819822321,-0.00875597049638259,0.0241859413784691,0,0,0,thumb_cmc_abd_link,-0.986631617798999,0.0557377948750778,0.153138332829486,,,,,,,,,,,,
thumb_ip_link,0.00234022761204072,0.0128632412496094,0.0104060094679635,0,0,0,0.00250986189310521,1.71287853333995E-07,3.86463495825574E-09,1.13425746546399E-08,3.01576893365904E-07,-2.32760165724564E-08,2.5083815876647E-07,0,0,0,0,0,0,package://data_glove_urdf_R/meshes/thumb_ip_link.STL,1,1,1,1,0,0,0,0,0,0,package://data_glove_urdf_R/meshes/thumb_ip_link.STL,,大拇指外骨骼-1/外骨骼第三指关节3.0-1,坐标系17,基准轴16,thumb_ip_joint,continuous,0.00570382434689043,0.0118106760565236,0.0324495657737923,0,0,0,thumb_mcp_link,-0.986631617798999,0.0557377948750777,0.153138332829486,,,,,,,,,,,,
index_mcp_abd_link,-0.00250047285030029,-0.00233813866466019,6.51214884913598E-05,0,0,0,0.00119117326877849,2.19897616453943E-08,-4.16840957665446E-09,2.76794130402293E-10,1.40504209973986E-08,2.17568565356851E-11,2.09324888735647E-08,0,0,0,0,0,0,package://data_glove_urdf_R/meshes/index_mcp_abd_link.STL,1,1,1,1,0,0,0,0,0,0,package://data_glove_urdf_R/meshes/index_mcp_abd_link.STL,,食指外骨骼-1/指根旋转关节-1,坐标系3,基准轴2,index_mcp_abd_joint,continuous,-0.00800000000000009,0.0241923881554252,0.065,0,0,0,wrist_link,-1,0,0,,,,,,,,,,,,
index_mcp_flex_link,-0.0114070328047424,-0.000607370388683481,0.0290133395013445,0,0,0,0.00284655724061209,3.28204843425552E-07,-4.80669980678278E-09,-5.78407128131855E-08,2.84955983774339E-07,1.57555232223385E-08,1.51630121702924E-07,0,0,0,0,0,0,package://data_glove_urdf_R/meshes/index_mcp_flex_link.STL,1,1,1,1,0,0,0,0,0,0,package://data_glove_urdf_R/meshes/index_mcp_flex_link.STL,,食指外骨骼-1/外骨骼第一指关节3.0-1,坐标系8,基准轴7,index_mcp_flex_joint,continuous,0.014,0,0,0,0,0,index_mcp_abd_link,0,-1,0,,,,,,,,,,,,
index_pip_link,-0.00820059005677119,-0.00062637497856944,0.0141171645574372,0,0,0,0.00272817140621968,3.09947910621127E-07,-1.02957359554329E-08,1.30297508003673E-08,2.10123925298428E-07,1.11165431221713E-08,2.1891706675412E-07,0,0,0,0,0,0,package://data_glove_urdf_R/meshes/index_pip_link.STL,1,1,1,1,0,0,0,0,0,0,package://data_glove_urdf_R/meshes/index_pip_link.STL,,食指外骨骼-1/外骨骼第二指关节3.0-1,坐标系13,基准轴12,index_pip_joint,continuous,0,0,0.0439999999999998,0,0,0,index_mcp_flex_link,0,-1,0,,,,,,,,,,,,
index_dip_link,-0.00772883281781931,-7.81614501817532E-07,0.00944658781453485,0,0,0,0.00138621744308339,9.65928060476362E-08,-1.77160475460755E-12,2.14747997492926E-09,5.15724750020167E-08,8.91862797053314E-13,1.01767267555001E-07,0,0,0,0,0,0,package://data_glove_urdf_R/meshes/index_dip_link.STL,1,1,1,1,0,0,0,0,0,0,package://data_glove_urdf_R/meshes/index_dip_link.STL,,食指外骨骼-1/外骨骼第三指关节3.0-1,坐标系18,基准轴17,index_dip_joint,continuous,0,0,0.025,0,0,0,index_pip_link,0,-1,0,,,,,,,,,,,,
middle_mcp_abd_link,-0.00250047285018376,-0.0023381386646602,6.51214885598259E-05,0,0,0,0.00119117326877849,2.19897616453813E-08,-4.16840957665499E-09,2.7679413042726E-10,1.40504209973987E-08,2.17568564372661E-11,2.09324888735778E-08,0,0,0,0,0,0,package://data_glove_urdf_R/meshes/middle_mcp_abd_link.STL,1,1,1,1,0,0,0,0,0,0,package://data_glove_urdf_R/meshes/middle_mcp_abd_link.STL,,指根旋转关节-2,坐标系4,基准轴3,middle_mcp_abd_joint,continuous,-0.00799999999999999,0.000192388155425213,0.07,0,0,0,wrist_link,-1,0,0,,,,,,,,,,,,
middle_mcp_flex_link,-0.0110734509955478,-0.000526306274228233,0.0311789260511265,0,0,0,0.00325556171697284,4.75936416980801E-07,-5.61616044482396E-09,-7.37987196767189E-08,4.10432511690092E-07,1.86776487140322E-08,1.92454987135351E-07,0,0,0,0,0,0,package://data_glove_urdf_R/meshes/middle_mcp_flex_link.STL,1,1,1,1,0,0,0,0,0,0,package://data_glove_urdf_R/meshes/middle_mcp_flex_link.STL,,中指外骨骼-1/外骨骼第一指关节3.0-1,坐标系9,基准轴8,middle_mcp_flex_joint,continuous,0.0140000000001174,0,0,0,0,0,middle_mcp_abd_link,0,-1,0,,,,,,,,,,,,
middle_pip_link,-0.00822617379922164,-0.000542285459422311,0.0161655057796501,0,0,0,0.00314497750486674,4.38073313893312E-07,-1.03755168315814E-08,1.65013994364525E-08,3.01976248682741E-07,1.4337094440513E-08,2.66532276625686E-07,0,0,0,0,0,0,package://data_glove_urdf_R/meshes/middle_pip_link.STL,1,1,1,1,0,0,0,0,0,0,package://data_glove_urdf_R/meshes/middle_pip_link.STL,,中指外骨骼-1/外骨骼第二指关节3.0-1,坐标系14,基准轴13,middle_pip_joint,continuous,-0.000153153729170198,0,0.0479997556653703,0,0,0,middle_mcp_flex_link,0,-1,0,,,,,,,,,,,,
middle_dip_link,-0.00778740874902174,-1.14449541866422E-06,0.0103317008808603,0,0,0,0.00158795100623238,1.26589985299263E-07,-2.46249384730863E-12,1.41064944236084E-09,6.53474068143681E-08,2.96066082217762E-12,1.23503557934076E-07,0,0,0,0,0,0,package://data_glove_urdf_R/meshes/middle_dip_link.STL,1,1,1,1,0,0,0,0,0,0,package://data_glove_urdf_R/meshes/middle_dip_link.STL,,中指外骨骼-1/外骨骼第三指关节3.0-1,坐标系19,基准轴18,middle_dip_joint,continuous,-9.25303780403182E-05,0,0.0289998523811612,0,0,0,middle_pip_link,0,-1,0,,,,,,,,,,,,
ring_mcp_abd_link,-0.00154998547198234,-0.00305234356989308,6.51213123810043E-05,0,0,0,0.00119117333663402,2.37404379665959E-08,-6.41531701695861E-10,2.52659449546094E-10,1.2299745324109E-08,1.15114402431804E-10,2.09324896594417E-08,0,0,0,0,0,0,package://data_glove_urdf_R/meshes/ring_mcp_abd_link.STL,1,1,1,1,0,0,0,0,0,0,package://data_glove_urdf_R/meshes/ring_mcp_abd_link.STL,,指根旋转关节-4,坐标系5,基准轴4,ring_mcp_abd_joint,continuous,-0.00315764691224457,-0.0235986790557135,0.062,0,0,0,wrist_link,-0.939692620785906,-0.342020143325674,0,,,,,,,,,,,,
ring_mcp_flex_link,-0.0105115793432703,-0.00447235460666146,0.02901224685332,0,0,0,0.00284615308470233,3.26217944911901E-07,1.02184783780063E-08,-5.97368930638282E-08,2.86907987896054E-07,-4.97284107877626E-09,1.51628480470892E-07,0,0,0,0,0,0,package://data_glove_urdf_R/meshes/ring_mcp_flex_link.STL,1,1,1,1,0,0,0,0,0,0,package://data_glove_urdf_R/meshes/ring_mcp_flex_link.STL,,无名指外骨骼-1/外骨骼第一指关节3.0-1,坐标系10,基准轴9,ring_mcp_flex_joint,continuous,0.0159747745533604,0.00581434243653645,0,0,0,0,ring_mcp_abd_link,0.342020143325673,-0.939692620785907,0,,,,,,,,,,,,
ring_pip_link,-0.00746932008628099,-0.00334574665152387,0.0151534818610933,0,0,0,0.0029034063513932,3.53401043194511E-07,2.68791557922181E-08,9.23365002679006E-09,2.57096789957627E-07,1.69396873978382E-08,2.32694570423764E-07,0,0,0,0,0,0,package://data_glove_urdf_R/meshes/ring_pip_link.STL,1,1,1,1,0,0,0,0,0,0,package://data_glove_urdf_R/meshes/ring_pip_link.STL,,无名指外骨骼-1/外骨骼第二指关节3.0-1,坐标系15,基准轴14,ring_pip_joint,continuous,0,0,0.044,0,0,0,ring_mcp_flex_link,0.342020143325673,-0.939692620785907,0,,,,,,,,,,,,
ring_dip_link,-0.00726193569823967,-0.00264402659682362,0.0094444882658432,0,0,0,0.00138583353960473,9.13152493786747E-08,1.44690460584584E-08,2.01252391429793E-09,5.68239551627066E-08,7.3370364423235E-10,1.01766984589333E-07,0,0,0,0,0,0,package://data_glove_urdf_R/meshes/ring_dip_link.STL,1,1,1,1,0,0,0,0,0,0,package://data_glove_urdf_R/meshes/ring_dip_link.STL,,无名指外骨骼-1/外骨骼第三指关节3.0-1,坐标系20,基准轴19,ring_dip_joint,continuous,0,0,0.027,0,0,0,ring_pip_link,0.342020143325673,-0.939692620785907,0,,,,,,,,,,,,
pinky_cmc_link,0.00336410686323215,-0.0100056497442341,0.0251142466577473,0,0,0,0.00538890561683075,7.10927556193362E-07,5.34391219212694E-08,-1.5310429303977E-08,5.63078242811867E-07,1.4281062651887E-07,2.05433348559066E-07,0,0,0,0,0,0,package://data_glove_urdf_R/meshes/pinky_cmc_link.STL,1,1,1,1,0,0,0,0,0,0,package://data_glove_urdf_R/meshes/pinky_cmc_link.STL,,小拇指底板-1;F68811-1,坐标系22,基准轴21,pinky_cmc_joint,continuous,0.00363612095623456,-0.0291072830666424,0.0193,0,0,0,wrist_link,0,0,1,,,,,,,,,,,,
pinky_mcp_abd_link,-0.00154998547198234,-0.0030523435698931,6.51213123810043E-05,0,0,0,0.00119117333663402,2.37404379665959E-08,-6.41531701695871E-10,2.52659449546099E-10,1.2299745324109E-08,1.15114402431798E-10,2.09324896594417E-08,0,0,0,0,0,0,package://data_glove_urdf_R/meshes/pinky_mcp_abd_link.STL,1,1,1,1,0,0,0,0,0,0,package://data_glove_urdf_R/meshes/pinky_mcp_abd_link.STL,,指根旋转关节-3,坐标系6,基准轴5,pinky_mcp_abd_joint,continuous,1.24329837017426E-05,-0.0131912791427107,0.0352,0,0,0,pinky_cmc_link,-0.939692620785907,-0.342020143325672,0,,,,,,,,,,,,
pink_mcp_flex_link,-0.0103753455329359,-0.00477038421687151,0.0250068784616453,0,0,0,0.00193313136546952,1.16298189932802E-07,5.23319059136308E-09,-2.06242717495122E-08,8.89049123924794E-08,3.9565285962366E-10,8.10842547791097E-08,0,0,0,0,0,0,package://data_glove_urdf_R/meshes/pink_mcp_flex_link.STL,1,1,1,1,0,0,0,0,0,0,package://data_glove_urdf_R/meshes/pink_mcp_flex_link.STL,,小拇指外骨骼-1/外骨骼第一指关节3.0-2,坐标系11,基准轴10,pink_mcp_flex_joint,continuous,0.0131556966910027,0.00478828200655942,0,0,0,0,pinky_mcp_abd_link,0.342020143325673,-0.939692620785907,0,,,,,,,,,,,,
pink_pip_link,-0.00750049500710275,-0.00360184044077902,0.0109564939225916,0,0,0,0.0021246823554996,1.67996754461158E-07,8.51912087163331E-09,6.00229316982644E-09,1.15830637133994E-07,8.96825805138717E-09,1.53475257119411E-07,0,0,0,0,0,0,package://data_glove_urdf_R/meshes/pink_pip_link.STL,1,1,1,1,0,0,0,0,0,0,package://data_glove_urdf_R/meshes/pink_pip_link.STL,,小拇指外骨骼-1/外骨骼第二指关节3.0-2,坐标系16,基准轴15,pink_pip_joint,continuous,0,0,0.035,0,0,0,pink_mcp_flex_link,0.342020143325673,-0.939692620785907,0,,,,,,,,,,,,
pink_dip_link,-0.00715853004671411,-0.00260635143158212,0.00940910615411399,0,0,0,0.0013280171732761,7.68076668801599E-08,9.5940255120806E-09,1.89254119442026E-09,5.39355546192163E-08,6.87130026813664E-10,8.58070220826519E-08,0,0,0,0,0,0,package://data_glove_urdf_R/meshes/pink_dip_link.STL,1,1,1,1,0,0,0,0,0,0,package://data_glove_urdf_R/meshes/pink_dip_link.STL,,小拇指外骨骼-1/外骨骼第三指关节3.0-1,坐标系21,基准轴20,pink_dip_joint,continuous,0,0,0.019,0,0,0,pink_pip_link,0.342020143325673,-0.939692620785907,0,,,,,,,,,,,,
